{
    "gsm_checklist_claude-3-5-sonnet-20240620_zeroshot": {
        "All Acc": 0.901986112078504,
        "solving": 0.9476744186046511,
        "answerable_judging": 0.9525064310762462,
        "outcome_judging": 0.9093139862300181,
        "process_judging": 0.7984496124031008,
        "seed_question": 0.9249587882018848,
        "problem_understanding_question": 0.9210530272654371,
        "distractor_insertion_question": 0.8989055426187843,
        "scenario_understanding": 0.86302709022791,
        "Matrix": [
            [
                0.9767441860465116,
                0.9689922480620154,
                0.9091374783889351,
                0.8449612403100775
            ],
            [
                0.9612403100775194,
                0.9651115618661258,
                0.9051470588235295,
                0.8527131782945736
            ],
            [
                0.9147286821705426,
                0.9495752837705781,
                0.9018608401929309,
                0.8294573643410853
            ],
            [
                0.937984496124031,
                0.9263466306062654,
                0.9211105675146771,
                0.6666666666666666
            ]
        ]
    },
    "gsm_checklist_gpt-4o-mini_zeroshot": {
        "All Acc": 87.2,
        "solving": 0.9375,
        "answerable_judging": 0.9365079365079365,
        "outcome_judging": 0.9057539682539683,
        "process_judging": 0.9166666666666666,
        "seed_question": 0.9057539682539683,
        "problem_understanding_question": 1.0,
        "distractor_insertion_question": 0.8740079365079365,
        "scenario_understanding": 0.9166666666666666,
        "Matrix": [
            [
                93.0,
                90.2,
                86.4,
                86.0
            ],
            [
                93.0,
                89.4,
                90.8,
                84.4
            ],
            [
                87.6,
                88.2,
                84.5,
                82.2
            ],
            [
                86.8,
                91.8,
                92.6,
                68.9
            ]
        ]
    },
    "gsm_checklist_Meta-Llama-3.1-70B-Instruct_zeroshot": {
        "All Acc": 0.9049634548038478,
        "solving": 0.9515503875968991,
        "answerable_judging": 0.9528025474699973,
        "outcome_judging": 0.8937954577919058,
        "process_judging": 0.8217054263565892,
        "seed_question": 0.9328057682727968,
        "problem_understanding_question": 0.9121464591977055,
        "distractor_insertion_question": 0.8979398542686781,
        "scenario_understanding": 0.8769617374762111,
        "Matrix": [
            [
                0.9689922480620154,
                0.9687637283565358,
                0.8942422904710854,
                0.8992248062015504
            ],
            [
                0.9302325581395349,
                0.9689754689754689,
                0.8811607554122525,
                0.8682170542635659
            ],
            [
                0.9457364341085271,
                0.9417896304318397,
                0.8825279261777562,
                0.8217054263565892
            ],
            [
                0.9612403100775194,
                0.9316813621161446,
                0.9172508591065291,
                0.6976744186046512
            ]
        ]
    },
    "gsm_checklist_Meta-Llama-3.1-8B-Instruct_zeroshot": {
        "All Acc": 0.7096338543347455,
        "solving": 0.7693798449612402,
        "answerable_judging": 0.6578170743849859,
        "outcome_judging": 0.7718036142718255,
        "process_judging": 0.6395348837209303,
        "seed_question": 0.7463858880092983,
        "problem_understanding_question": 0.7360706499679694,
        "distractor_insertion_question": 0.6598482256851073,
        "scenario_understanding": 0.6962306536766071,
        "Matrix": [
            [
                0.8527131782945736,
                0.6325543654657578,
                0.7870977137032182,
                0.7131782945736435
            ],
            [
                0.8217054263565892,
                0.6422474650237453,
                0.7516475379489078,
                0.7286821705426356
            ],
            [
                0.6356589147286822,
                0.598425971470733,
                0.7541452258433391,
                0.6511627906976745
            ],
            [
                0.7674418604651163,
                0.7580404955797078,
                0.7943239795918368,
                0.46511627906976744
            ]
        ]
    },
    "gsm_checklist_o1-mini_zeroshot": {
        "All Acc": 0.9278429525509827,
        "solving": 0.936046511627907,
        "answerable_judging": 0.9500538782557723,
        "outcome_judging": 0.8892249086923444,
        "process_judging": 0.9360465116279069,
        "seed_question": 0.9545088814565051,
        "problem_understanding_question": 0.9418597663237924,
        "distractor_insertion_question": 0.9100302253037643,
        "scenario_understanding": 0.9049729371198687,
        "Matrix": [
            [
                0.9457364341085271,
                0.9689754689754689,
                0.9110755607265206,
                0.9922480620155039
            ],
            [
                0.9457364341085271,
                0.9534855769230768,
                0.930232558139535,
                0.937984496124031
            ],
            [
                0.9224806201550387,
                0.9397848812617077,
                0.83987090367428,
                0.937984496124031
            ],
            [
                0.9302325581395349,
                0.9379695858628359,
                0.875720612229042,
                0.875968992248062
            ]
        ]
    },
    "gsm_checklist_o1-preview_zeroshot": {
        "All Acc": 0.9318365518181366,
        "solving": 0.9127906976744186,
        "answerable_judging": 0.9406860561165271,
        "outcome_judging": 0.932008988365322,
        "process_judging": 0.941860465116279,
        "seed_question": 0.9567795291692837,
        "problem_understanding_question": 0.9345120135688277,
        "distractor_insertion_question": 0.9053030368682513,
        "scenario_understanding": 0.930751627666184,
        "Matrix": [
            [
                0.9302325581395349,
                0.9572129360465116,
                0.9551764984600806,
                0.9844961240310077
            ],
            [
                0.9147286821705426,
                0.9358974358974359,
                0.9416855020988053,
                0.9457364341085271
            ],
            [
                0.8604651162790697,
                0.9319663226507333,
                0.9218039643571558,
                0.9069767441860465
            ],
            [
                0.9457364341085271,
                0.937667529871428,
                0.9093699885452464,
                0.9302325581395349
            ]
        ]
    }
}